{
  "fill-specializations" : [
    {
      "value" : {
        "linear-gradient" : [
          "display-p3:0.19049,0.33234,0.17907,1.00000",
          "display-p3:0.04074,0.07107,0.03829,1.00000"
        ],
        "orientation" : {
          "start" : {
            "x" : 0.5,
            "y" : 0
          },
          "stop" : {
            "x" : 0.5,
            "y" : 0.7
          }
        }
      }
    },
    {
      "appearance" : "dark",
      "value" : {
        "linear-gradient" : [
          "display-p3:0.19049,0.33234,0.17907,1.00000",
          "display-p3:0.04074,0.07107,0.03829,1.00000"
        ],
        "orientation" : {
          "start" : {
            "x" : 0.5,
            "y" : 0
          },
          "stop" : {
            "x" : 0.5,
            "y" : 0.7
          }
        }
      }
    }
  ],
  "groups" : [
    {
      "blend-mode" : "normal",
      "blur-material" : 0.4,
      "layers" : [
        {
          "blend-mode" : "normal",
          "fill" : {
            "solid" : "srgb:1.00000,1.00000,1.00000,1.00000"
          },
          "glass" : false,
          "hidden" : false,
          "image-name" : "4.4 – layer.svg",
          "name" : "4.4 – layer",
          "opacity" : 1
        }
      ],
      "lighting" : "individual",
      "name" : "Group",
      "opacity" : 1,
      "shadow" : {
        "kind" : "neutral",
        "opacity" : 0.5
      },
      "specular" : true,
      "translucency-specializations" : [
        {
          "value" : {
            "enabled" : true,
            "value" : 0.7
          }
        },
        {
          "appearance" : "tinted",
          "value" : {
            "enabled" : true,
            "value" : 0.55
          }
        }
      ]
    },
    {
      "blur-material-specializations" : [
        {
          "appearance" : "tinted",
          "value" : 0.5
        }
      ],
      "layers" : [
        {
          "fill-specializations" : [
            {
              "appearance" : "tinted",
              "value" : {
                "solid" : "extended-gray:1.00000,1.00000"
              }
            }
          ],
          "glass" : false,
          "image-name" : "3.2 – layer.svg",
          "name" : "3.2 – layer"
        }
      ],
      "opacity-specializations" : [
        {
          "appearance" : "tinted",
          "value" : 0.55
        }
      ],
      "shadow" : {
        "kind" : "neutral",
        "opacity" : 0.5
      },
      "specular-specializations" : [
        {
          "appearance" : "tinted",
          "value" : true
        }
      ],
      "translucency-specializations" : [
        {
          "appearance" : "tinted",
          "value" : {
            "enabled" : true,
            "value" : 0.4
          }
        }
      ]
    },
    {
      "blur-material" : null,
      "hidden" : false,
      "layers" : [
        {
          "glass" : false,
          "image-name" : "2.1 – layer.svg",
          "name" : "2.1 – layer"
        }
      ],
      "shadow-specializations" : [
        {
          "value" : {
            "kind" : "neutral",
            "opacity" : 1
          }
        },
        {
          "appearance" : "dark",
          "value" : {
            "kind" : "none",
            "opacity" : 0
          }
        }
      ],
      "translucency" : {
        "enabled" : false,
        "value" : 0.5
      }
    }
  ],
  "supported-platforms" : {
    "squares" : "shared"
  }
}